DATAFLOW,LAST UPDATE,freq,unit,sex,age,geo,TIME_PERIOD,OBS_VALUE,OBS_FLAG
ESTAT:DEMO_R_D2JAN(1.0),13/04/23 23:00:00,A,NR,T,TOTAL,AL,2018,2870324,
ESTAT:DEMO_R_D2JAN(1.0),13/04/23 23:00:00,A,NR,T,TOTAL,AL0,2018,2870324,
ESTAT:DEMO_R_D2JAN(1.0),13/04/23 23:00:00,A,NR,T,TOTAL,AL01,2018,819793,
ESTAT:DEMO_R_D2JAN(1.0),13/04/23 23:00:00,A,NR,T,TOTAL,AL02,2018,1162544,
ESTAT:DEMO_R_D2JAN(1.0),13/04/23 23:00:00,A,NR,T,TOTAL,AL03,2018,887987,
ESTAT:DEMO_R_D2JAN(1.0),13/04/23 23:00:00,A,NR,T,TOTAL,ALX,2018,0,
ESTAT:DEMO_R_D2JAN(1.0),13/04/23 23:00:00,A,NR,T,TOTAL,ALXX,2018,0,
ESTAT:DEMO_R_D2JAN(1.0),13/04/23 23:00:00,A,NR,T,TOTAL,AT,2018,8822267,
ESTAT:DEMO_R_D2JAN(1.0),13/04/23 23:00:00,A,NR,T,TOTAL,AT1,2018,3852119,
ESTAT:DEMO_R_D2JAN(1.0),13/04/23 23:00:00,A,NR,T,TOTAL,AT11,2018,292675,
ESTAT:DEMO_R_D2JAN(1.0),13/04/23 23:00:00,A,NR,T,TOTAL,AT12,2018,1670668,
ESTAT:DEMO_R_D2JAN(1.0),13/04/23 23:00:00,A,NR,T,TOTAL,AT13,2018,1888776,
ESTAT:DEMO_R_D2JAN(1.0),13/04/23 23:00:00,A,NR,T,TOTAL,AT2,2018,1801112,
ESTAT:DEMO_R_D2JAN(1.0),13/04/23 23:00:00,A,NR,T,TOTAL,AT21,2018,560898,
ESTAT:DEMO_R_D2JAN(1.0),13/04/23 23:00:00,A,NR,T,TOTAL,AT22,2018,1240214,
ESTAT:DEMO_R_D2JAN(1.0),13/04/23 23:00:00,A,NR,T,TOTAL,AT3,2018,3169036,
ESTAT:DEMO_R_D2JAN(1.0),13/04/23 23:00:00,A,NR,T,TOTAL,AT31,2018,1473576,
ESTAT:DEMO_R_D2JAN(1.0),13/04/23 23:00:00,A,NR,T,TOTAL,AT32,2018,552579,
ESTAT:DEMO_R_D2JAN(1.0),13/04/23 23:00:00,A,NR,T,TOTAL,AT33,2018,751140,
ESTAT:DEMO_R_D2JAN(1.0),13/04/23 23:00:00,A,NR,T,TOTAL,AT34,2018,391741,
ESTAT:DEMO_R_D2JAN(1.0),13/04/23 23:00:00,A,NR,T,TOTAL,BE,2018,11398589,
ESTAT:DEMO_R_D2JAN(1.0),13/04/23 23:00:00,A,NR,T,TOTAL,BE1,2018,1205492,
ESTAT:DEMO_R_D2JAN(1.0),13/04/23 23:00:00,A,NR,T,TOTAL,BE10,2018,1205492,
ESTAT:DEMO_R_D2JAN(1.0),13/04/23 23:00:00,A,NR,T,TOTAL,BE2,2018,6559294,
ESTAT:DEMO_R_D2JAN(1.0),13/04/23 23:00:00,A,NR,T,TOTAL,BE21,2018,1849523,
ESTAT:DEMO_R_D2JAN(1.0),13/04/23 23:00:00,A,NR,T,TOTAL,BE22,2018,872739,
ESTAT:DEMO_R_D2JAN(1.0),13/04/23 23:00:00,A,NR,T,TOTAL,BE23,2018,1506232,
ESTAT:DEMO_R_D2JAN(1.0),13/04/23 23:00:00,A,NR,T,TOTAL,BE24,2018,1138546,
ESTAT:DEMO_R_D2JAN(1.0),13/04/23 23:00:00,A,NR,T,TOTAL,BE25,2018,1192254,
ESTAT:DEMO_R_D2JAN(1.0),13/04/23 23:00:00,A,NR,T,TOTAL,BE3,2018,3633803,
ESTAT:DEMO_R_D2JAN(1.0),13/04/23 23:00:00,A,NR,T,TOTAL,BE31,2018,401508,
ESTAT:DEMO_R_D2JAN(1.0),13/04/23 23:00:00,A,NR,T,TOTAL,BE32,2018,1343756,
ESTAT:DEMO_R_D2JAN(1.0),13/04/23 23:00:00,A,NR,T,TOTAL,BE33,2018,1108371,
ESTAT:DEMO_R_D2JAN(1.0),13/04/23 23:00:00,A,NR,T,TOTAL,BE34,2018,285010,
ESTAT:DEMO_R_D2JAN(1.0),13/04/23 23:00:00,A,NR,T,TOTAL,BE35,2018,495158,
ESTAT:DEMO_R_D2JAN(1.0),13/04/23 23:00:00,A,NR,T,TOTAL,BG,2018,7050034,
ESTAT:DEMO_R_D2JAN(1.0),13/04/23 23:00:00,A,NR,T,TOTAL,BG3,2018,3524208,
ESTAT:DEMO_R_D2JAN(1.0),13/04/23 23:00:00,A,NR,T,TOTAL,BG31,2018,755956,
ESTAT:DEMO_R_D2JAN(1.0),13/04/23 23:00:00,A,NR,T,TOTAL,BG32,2018,794998,
ESTAT:DEMO_R_D2JAN(1.0),13/04/23 23:00:00,A,NR,T,TOTAL,BG33,2018,933705,
ESTAT:DEMO_R_D2JAN(1.0),13/04/23 23:00:00,A,NR,T,TOTAL,BG34,2018,1039549,
ESTAT:DEMO_R_D2JAN(1.0),13/04/23 23:00:00,A,NR,T,TOTAL,BG4,2018,3525826,
ESTAT:DEMO_R_D2JAN(1.0),13/04/23 23:00:00,A,NR,T,TOTAL,BG41,2018,2108394,
ESTAT:DEMO_R_D2JAN(1.0),13/04/23 23:00:00,A,NR,T,TOTAL,BG42,2018,1417432,
ESTAT:DEMO_R_D2JAN(1.0),13/04/23 23:00:00,A,NR,T,TOTAL,CH,2018,8484130,
ESTAT:DEMO_R_D2JAN(1.0),13/04/23 23:00:00,A,NR,T,TOTAL,CH0,2018,8484130,
ESTAT:DEMO_R_D2JAN(1.0),13/04/23 23:00:00,A,NR,T,TOTAL,CH01,2018,1629841,
ESTAT:DEMO_R_D2JAN(1.0),13/04/23 23:00:00,A,NR,T,TOTAL,CH02,2018,1868886,
ESTAT:DEMO_R_D2JAN(1.0),13/04/23 23:00:00,A,NR,T,TOTAL,CH03,2018,1151919,
ESTAT:DEMO_R_D2JAN(1.0),13/04/23 23:00:00,A,NR,T,TOTAL,CH04,2018,1504346,
ESTAT:DEMO_R_D2JAN(1.0),13/04/23 23:00:00,A,NR,T,TOTAL,CH05,2018,1169358,
ESTAT:DEMO_R_D2JAN(1.0),13/04/23 23:00:00,A,NR,T,TOTAL,CH06,2018,806071,
ESTAT:DEMO_R_D2JAN(1.0),13/04/23 23:00:00,A,NR,T,TOTAL,CH07,2018,353709,
ESTAT:DEMO_R_D2JAN(1.0),13/04/23 23:00:00,A,NR,T,TOTAL,CY,2018,864236,
ESTAT:DEMO_R_D2JAN(1.0),13/04/23 23:00:00,A,NR,T,TOTAL,CY0,2018,864236,
ESTAT:DEMO_R_D2JAN(1.0),13/04/23 23:00:00,A,NR,T,TOTAL,CY00,2018,864236,
ESTAT:DEMO_R_D2JAN(1.0),13/04/23 23:00:00,A,NR,T,TOTAL,CZ,2018,10610055,
ESTAT:DEMO_R_D2JAN(1.0),13/04/23 23:00:00,A,NR,T,TOTAL,CZ0,2018,10610055,
ESTAT:DEMO_R_D2JAN(1.0),13/04/23 23:00:00,A,NR,T,TOTAL,CZ01,2018,1294513,
ESTAT:DEMO_R_D2JAN(1.0),13/04/23 23:00:00,A,NR,T,TOTAL,CZ02,2018,1352795,
ESTAT:DEMO_R_D2JAN(1.0),13/04/23 23:00:00,A,NR,T,TOTAL,CZ03,2018,1221012,
ESTAT:DEMO_R_D2JAN(1.0),13/04/23 23:00:00,A,NR,T,TOTAL,CZ04,2018,1116766,
ESTAT:DEMO_R_D2JAN(1.0),13/04/23 23:00:00,A,NR,T,TOTAL,CZ05,2018,1510726,
ESTAT:DEMO_R_D2JAN(1.0),13/04/23 23:00:00,A,NR,T,TOTAL,CZ06,2018,1692123,
ESTAT:DEMO_R_D2JAN(1.0),13/04/23 23:00:00,A,NR,T,TOTAL,CZ07,2018,1216234,
ESTAT:DEMO_R_D2JAN(1.0),13/04/23 23:00:00,A,NR,T,TOTAL,CZ08,2018,1205886,
ESTAT:DEMO_R_D2JAN(1.0),13/04/23 23:00:00,A,NR,T,TOTAL,DE,2018,82792351,
ESTAT:DEMO_R_D2JAN(1.0),13/04/23 23:00:00,A,NR,T,TOTAL,DE1,2018,11023425,
ESTAT:DEMO_R_D2JAN(1.0),13/04/23 23:00:00,A,NR,T,TOTAL,DE11,2018,4126688,
ESTAT:DEMO_R_D2JAN(1.0),13/04/23 23:00:00,A,NR,T,TOTAL,DE12,2018,2795783,
ESTAT:DEMO_R_D2JAN(1.0),13/04/23 23:00:00,A,NR,T,TOTAL,DE13,2018,2254674,
ESTAT:DEMO_R_D2JAN(1.0),13/04/23 23:00:00,A,NR,T,TOTAL,DE14,2018,1846280,
ESTAT:DEMO_R_D2JAN(1.0),13/04/23 23:00:00,A,NR,T,TOTAL,DE2,2018,12997204,
ESTAT:DEMO_R_D2JAN(1.0),13/04/23 23:00:00,A,NR,T,TOTAL,DE21,2018,4649534,
ESTAT:DEMO_R_D2JAN(1.0),13/04/23 23:00:00,A,NR,T,TOTAL,DE22,2018,1230037,
ESTAT:DEMO_R_D2JAN(1.0),13/04/23 23:00:00,A,NR,T,TOTAL,DE23,2018,1104407,
ESTAT:DEMO_R_D2JAN(1.0),13/04/23 23:00:00,A,NR,T,TOTAL,DE24,2018,1066840,
ESTAT:DEMO_R_D2JAN(1.0),13/04/23 23:00:00,A,NR,T,TOTAL,DE25,2018,1759643,
ESTAT:DEMO_R_D2JAN(1.0),13/04/23 23:00:00,A,NR,T,TOTAL,DE26,2018,1313375,
ESTAT:DEMO_R_D2JAN(1.0),13/04/23 23:00:00,A,NR,T,TOTAL,DE27,2018,1873368,
ESTAT:DEMO_R_D2JAN(1.0),13/04/23 23:00:00,A,NR,T,TOTAL,DE3,2018,3613495,
ESTAT:DEMO_R_D2JAN(1.0),13/04/23 23:00:00,A,NR,T,TOTAL,DE30,2018,3613495,
ESTAT:DEMO_R_D2JAN(1.0),13/04/23 23:00:00,A,NR,T,TOTAL,DE4,2018,2504040,
ESTAT:DEMO_R_D2JAN(1.0),13/04/23 23:00:00,A,NR,T,TOTAL,DE40,2018,2504040,
ESTAT:DEMO_R_D2JAN(1.0),13/04/23 23:00:00,A,NR,T,TOTAL,DE5,2018,681032,
ESTAT:DEMO_R_D2JAN(1.0),13/04/23 23:00:00,A,NR,T,TOTAL,DE50,2018,681032,
ESTAT:DEMO_R_D2JAN(1.0),13/04/23 23:00:00,A,NR,T,TOTAL,DE6,2018,1830584,
ESTAT:DEMO_R_D2JAN(1.0),13/04/23 23:00:00,A,NR,T,TOTAL,DE60,2018,1830584,
ESTAT:DEMO_R_D2JAN(1.0),13/04/23 23:00:00,A,NR,T,TOTAL,DE7,2018,6243262,
ESTAT:DEMO_R_D2JAN(1.0),13/04/23 23:00:00,A,NR,T,TOTAL,DE71,2018,3978050,
ESTAT:DEMO_R_D2JAN(1.0),13/04/23 23:00:00,A,NR,T,TOTAL,DE72,2018,1045807,
ESTAT:DEMO_R_D2JAN(1.0),13/04/23 23:00:00,A,NR,T,TOTAL,DE73,2018,1219405,
ESTAT:DEMO_R_D2JAN(1.0),13/04/23 23:00:00,A,NR,T,TOTAL,DE8,2018,1611119,
ESTAT:DEMO_R_D2JAN(1.0),13/04/23 23:00:00,A,NR,T,TOTAL,DE80,2018,1611119,
ESTAT:DEMO_R_D2JAN(1.0),13/04/23 23:00:00,A,NR,T,TOTAL,DE9,2018,7962775,
ESTAT:DEMO_R_D2JAN(1.0),13/04/23 23:00:00,A,NR,T,TOTAL,DE91,2018,1595734,
ESTAT:DEMO_R_D2JAN(1.0),13/04/23 23:00:00,A,NR,T,TOTAL,DE92,2018,2144120,
ESTAT:DEMO_R_D2JAN(1.0),13/04/23 23:00:00,A,NR,T,TOTAL,DE93,2018,1706464,
ESTAT:DEMO_R_D2JAN(1.0),13/04/23 23:00:00,A,NR,T,TOTAL,DE94,2018,2516457,
ESTAT:DEMO_R_D2JAN(1.0),13/04/23 23:00:00,A,NR,T,TOTAL,DEA,2018,17912134,
ESTAT:DEMO_R_D2JAN(1.0),13/04/23 23:00:00,A,NR,T,TOTAL,DEA1,2018,5198820,
ESTAT:DEMO_R_D2JAN(1.0),13/04/23 23:00:00,A,NR,T,TOTAL,DEA2,2018,4454228,
ESTAT:DEMO_R_D2JAN(1.0),13/04/23 23:00:00,A,NR,T,TOTAL,DEA3,2018,2621153,
ESTAT:DEMO_R_D2JAN(1.0),13/04/23 23:00:00,A,NR,T,TOTAL,DEA4,2018,2054343,
ESTAT:DEMO_R_D2JAN(1.0),13/04/23 23:00:00,A,NR,T,TOTAL,DEA5,2018,3583590,
ESTAT:DEMO_R_D2JAN(1.0),13/04/23 23:00:00,A,NR,T,TOTAL,DEB,2018,4073679,
ESTAT:DEMO_R_D2JAN(1.0),13/04/23 23:00:00,A,NR,T,TOTAL,DEB1,2018,1493055,
ESTAT:DEMO_R_D2JAN(1.0),13/04/23 23:00:00,A,NR,T,TOTAL,DEB2,2018,529597,
ESTAT:DEMO_R_D2JAN(1.0),13/04/23 23:00:00,A,NR,T,TOTAL,DEB3,2018,2051027,
ESTAT:DEMO_R_D2JAN(1.0),13/04/23 23:00:00,A,NR,T,TOTAL,DEC,2018,994187,
ESTAT:DEMO_R_D2JAN(1.0),13/04/23 23:00:00,A,NR,T,TOTAL,DEC0,2018,994187,
ESTAT:DEMO_R_D2JAN(1.0),13/04/23 23:00:00,A,NR,T,TOTAL,DED,2018,4081308,
ESTAT:DEMO_R_D2JAN(1.0),13/04/23 23:00:00,A,NR,T,TOTAL,DED2,2018,1598573,
ESTAT:DEMO_R_D2JAN(1.0),13/04/23 23:00:00,A,NR,T,TOTAL,DED4,2018,1444953,
ESTAT:DEMO_R_D2JAN(1.0),13/04/23 23:00:00,A,NR,T,TOTAL,DED5,2018,1037782,
ESTAT:DEMO_R_D2JAN(1.0),13/04/23 23:00:00,A,NR,T,TOTAL,DEE,2018,2223081,
ESTAT:DEMO_R_D2JAN(1.0),13/04/23 23:00:00,A,NR,T,TOTAL,DEE0,2018,2223081,
ESTAT:DEMO_R_D2JAN(1.0),13/04/23 23:00:00,A,NR,T,TOTAL,DEF,2018,2889821,
ESTAT:DEMO_R_D2JAN(1.0),13/04/23 23:00:00,A,NR,T,TOTAL,DEF0,2018,2889821,
ESTAT:DEMO_R_D2JAN(1.0),13/04/23 23:00:00,A,NR,T,TOTAL,DEG,2018,2151205,
ESTAT:DEMO_R_D2JAN(1.0),13/04/23 23:00:00,A,NR,T,TOTAL,DEG0,2018,2151205,
ESTAT:DEMO_R_D2JAN(1.0),13/04/23 23:00:00,A,NR,T,TOTAL,DK,2018,5781190,
ESTAT:DEMO_R_D2JAN(1.0),13/04/23 23:00:00,A,NR,T,TOTAL,DK0,2018,5781190,
ESTAT:DEMO_R_D2JAN(1.0),13/04/23 23:00:00,A,NR,T,TOTAL,DK01,2018,1822659,
ESTAT:DEMO_R_D2JAN(1.0),13/04/23 23:00:00,A,NR,T,TOTAL,DK02,2018,835024,
ESTAT:DEMO_R_D2JAN(1.0),13/04/23 23:00:00,A,NR,T,TOTAL,DK03,2018,1220763,
ESTAT:DEMO_R_D2JAN(1.0),13/04/23 23:00:00,A,NR,T,TOTAL,DK04,2018,1313596,
ESTAT:DEMO_R_D2JAN(1.0),13/04/23 23:00:00,A,NR,T,TOTAL,DK05,2018,589148,
ESTAT:DEMO_R_D2JAN(1.0),13/04/23 23:00:00,A,NR,T,TOTAL,EE,2018,1319133,
ESTAT:DEMO_R_D2JAN(1.0),13/04/23 23:00:00,A,NR,T,TOTAL,EE0,2018,1319133,
ESTAT:DEMO_R_D2JAN(1.0),13/04/23 23:00:00,A,NR,T,TOTAL,EE00,2018,1319133,
ESTAT:DEMO_R_D2JAN(1.0),13/04/23 23:00:00,A,NR,T,TOTAL,EFTA,2018,14166313,
ESTAT:DEMO_R_D2JAN(1.0),13/04/23 23:00:00,A,NR,T,TOTAL,EL,2018,10741165,
ESTAT:DEMO_R_D2JAN(1.0),13/04/23 23:00:00,A,NR,T,TOTAL,EL3,2018,3756453,
ESTAT:DEMO_R_D2JAN(1.0),13/04/23 23:00:00,A,NR,T,TOTAL,EL30,2018,3756453,
ESTAT:DEMO_R_D2JAN(1.0),13/04/23 23:00:00,A,NR,T,TOTAL,EL4,2018,1185513,
ESTAT:DEMO_R_D2JAN(1.0),13/04/23 23:00:00,A,NR,T,TOTAL,EL41,2018,211137,
ESTAT:DEMO_R_D2JAN(1.0),13/04/23 23:00:00,A,NR,T,TOTAL,EL42,2018,340870,
ESTAT:DEMO_R_D2JAN(1.0),13/04/23 23:00:00,A,NR,T,TOTAL,EL43,2018,633506,
ESTAT:DEMO_R_D2JAN(1.0),13/04/23 23:00:00,A,NR,T,TOTAL,EL5,2018,3080730,
ESTAT:DEMO_R_D2JAN(1.0),13/04/23 23:00:00,A,NR,T,TOTAL,EL51,2018,601175,
ESTAT:DEMO_R_D2JAN(1.0),13/04/23 23:00:00,A,NR,T,TOTAL,EL52,2018,1875996,
ESTAT:DEMO_R_D2JAN(1.0),13/04/23 23:00:00,A,NR,T,TOTAL,EL53,2018,269222,
ESTAT:DEMO_R_D2JAN(1.0),13/04/23 23:00:00,A,NR,T,TOTAL,EL54,2018,334337,
ESTAT:DEMO_R_D2JAN(1.0),13/04/23 23:00:00,A,NR,T,TOTAL,EL6,2018,2718469,
ESTAT:DEMO_R_D2JAN(1.0),13/04/23 23:00:00,A,NR,T,TOTAL,EL61,2018,722065,
ESTAT:DEMO_R_D2JAN(1.0),13/04/23 23:00:00,A,NR,T,TOTAL,EL62,2018,204562,
ESTAT:DEMO_R_D2JAN(1.0),13/04/23 23:00:00,A,NR,T,TOTAL,EL63,2018,659470,
ESTAT:DEMO_R_D2JAN(1.0),13/04/23 23:00:00,A,NR,T,TOTAL,EL64,2018,555623,
ESTAT:DEMO_R_D2JAN(1.0),13/04/23 23:00:00,A,NR,T,TOTAL,EL65,2018,576749,
ESTAT:DEMO_R_D2JAN(1.0),13/04/23 23:00:00,A,NR,T,TOTAL,ES,2018,46658447,
ESTAT:DEMO_R_D2JAN(1.0),13/04/23 23:00:00,A,NR,T,TOTAL,ES1,2018,4312067,
ESTAT:DEMO_R_D2JAN(1.0),13/04/23 23:00:00,A,NR,T,TOTAL,ES11,2018,2703149,
ESTAT:DEMO_R_D2JAN(1.0),13/04/23 23:00:00,A,NR,T,TOTAL,ES12,2018,1027624,
ESTAT:DEMO_R_D2JAN(1.0),13/04/23 23:00:00,A,NR,T,TOTAL,ES13,2018,581294,
ESTAT:DEMO_R_D2JAN(1.0),13/04/23 23:00:00,A,NR,T,TOTAL,ES2,2018,4440753,
ESTAT:DEMO_R_D2JAN(1.0),13/04/23 23:00:00,A,NR,T,TOTAL,ES21,2018,2170868,
ESTAT:DEMO_R_D2JAN(1.0),13/04/23 23:00:00,A,NR,T,TOTAL,ES22,2018,643866,
ESTAT:DEMO_R_D2JAN(1.0),13/04/23 23:00:00,A,NR,T,TOTAL,ES23,2018,312884,
ESTAT:DEMO_R_D2JAN(1.0),13/04/23 23:00:00,A,NR,T,TOTAL,ES24,2018,1313135,
ESTAT:DEMO_R_D2JAN(1.0),13/04/23 23:00:00,A,NR,T,TOTAL,ES3,2018,6549520,
ESTAT:DEMO_R_D2JAN(1.0),13/04/23 23:00:00,A,NR,T,TOTAL,ES30,2018,6549520,
ESTAT:DEMO_R_D2JAN(1.0),13/04/23 23:00:00,A,NR,T,TOTAL,ES4,2018,5521604,
ESTAT:DEMO_R_D2JAN(1.0),13/04/23 23:00:00,A,NR,T,TOTAL,ES41,2018,2418556,
ESTAT:DEMO_R_D2JAN(1.0),13/04/23 23:00:00,A,NR,T,TOTAL,ES42,2018,2032595,
ESTAT:DEMO_R_D2JAN(1.0),13/04/23 23:00:00,A,NR,T,TOTAL,ES43,2018,1070453,
ESTAT:DEMO_R_D2JAN(1.0),13/04/23 23:00:00,A,NR,T,TOTAL,ES5,2018,13601874,
ESTAT:DEMO_R_D2JAN(1.0),13/04/23 23:00:00,A,NR,T,TOTAL,ES51,2018,7488718,
ESTAT:DEMO_R_D2JAN(1.0),13/04/23 23:00:00,A,NR,T,TOTAL,ES52,2018,4946233,
ESTAT:DEMO_R_D2JAN(1.0),13/04/23 23:00:00,A,NR,T,TOTAL,ES53,2018,1166923,
ESTAT:DEMO_R_D2JAN(1.0),13/04/23 23:00:00,A,NR,T,TOTAL,ES6,2018,10055581,
ESTAT:DEMO_R_D2JAN(1.0),13/04/23 23:00:00,A,NR,T,TOTAL,ES61,2018,8410095,
ESTAT:DEMO_R_D2JAN(1.0),13/04/23 23:00:00,A,NR,T,TOTAL,ES62,2018,1475569,
ESTAT:DEMO_R_D2JAN(1.0),13/04/23 23:00:00,A,NR,T,TOTAL,ES63,2018,85209,
ESTAT:DEMO_R_D2JAN(1.0),13/04/23 23:00:00,A,NR,T,TOTAL,ES64,2018,84708,
ESTAT:DEMO_R_D2JAN(1.0),13/04/23 23:00:00,A,NR,T,TOTAL,ES7,2018,2177048,
ESTAT:DEMO_R_D2JAN(1.0),13/04/23 23:00:00,A,NR,T,TOTAL,ES70,2018,2177048,
ESTAT:DEMO_R_D2JAN(1.0),13/04/23 23:00:00,A,NR,T,TOTAL,EU27_2007,2018,508266507,p
ESTAT:DEMO_R_D2JAN(1.0),13/04/23 23:00:00,A,NR,T,TOTAL,EU27_2020,2018,446208557,p
ESTAT:DEMO_R_D2JAN(1.0),13/04/23 23:00:00,A,NR,T,TOTAL,EU28,2018,512372000,p
ESTAT:DEMO_R_D2JAN(1.0),13/04/23 23:00:00,A,NR,T,TOTAL,FI,2018,5513130,
ESTAT:DEMO_R_D2JAN(1.0),13/04/23 23:00:00,A,NR,T,TOTAL,FI1,2018,5483641,
ESTAT:DEMO_R_D2JAN(1.0),13/04/23 23:00:00,A,NR,T,TOTAL,FI19,2018,1380365,
ESTAT:DEMO_R_D2JAN(1.0),13/04/23 23:00:00,A,NR,T,TOTAL,FI1B,2018,1655624,
ESTAT:DEMO_R_D2JAN(1.0),13/04/23 23:00:00,A,NR,T,TOTAL,FI1C,2018,1157001,
ESTAT:DEMO_R_D2JAN(1.0),13/04/23 23:00:00,A,NR,T,TOTAL,FI1D,2018,1290651,
ESTAT:DEMO_R_D2JAN(1.0),13/04/23 23:00:00,A,NR,T,TOTAL,FI2,2018,29489,
ESTAT:DEMO_R_D2JAN(1.0),13/04/23 23:00:00,A,NR,T,TOTAL,FI20,2018,29489,
ESTAT:DEMO_R_D2JAN(1.0),13/04/23 23:00:00,A,NR,T,TOTAL,FR,2018,67026224,
ESTAT:DEMO_R_D2JAN(1.0),13/04/23 23:00:00,A,NR,T,TOTAL,FR1,2018,12213447,
ESTAT:DEMO_R_D2JAN(1.0),13/04/23 23:00:00,A,NR,T,TOTAL,FR10,2018,12213447,
ESTAT:DEMO_R_D2JAN(1.0),13/04/23 23:00:00,A,NR,T,TOTAL,FRB,2018,2572853,
ESTAT:DEMO_R_D2JAN(1.0),13/04/23 23:00:00,A,NR,T,TOTAL,FRB0,2018,2572853,
ESTAT:DEMO_R_D2JAN(1.0),13/04/23 23:00:00,A,NR,T,TOTAL,FRC,2018,2807807,
ESTAT:DEMO_R_D2JAN(1.0),13/04/23 23:00:00,A,NR,T,TOTAL,FRC1,2018,1628737,
ESTAT:DEMO_R_D2JAN(1.0),13/04/23 23:00:00,A,NR,T,TOTAL,FRC2,2018,1179070,
ESTAT:DEMO_R_D2JAN(1.0),13/04/23 23:00:00,A,NR,T,TOTAL,FRD,2018,3327477,
ESTAT:DEMO_R_D2JAN(1.0),13/04/23 23:00:00,A,NR,T,TOTAL,FRD1,2018,1471632,
ESTAT:DEMO_R_D2JAN(1.0),13/04/23 23:00:00,A,NR,T,TOTAL,FRD2,2018,1855845,
ESTAT:DEMO_R_D2JAN(1.0),13/04/23 23:00:00,A,NR,T,TOTAL,FRE,2018,6004108,
ESTAT:DEMO_R_D2JAN(1.0),13/04/23 23:00:00,A,NR,T,TOTAL,FRE1,2018,4072977,
ESTAT:DEMO_R_D2JAN(1.0),13/04/23 23:00:00,A,NR,T,TOTAL,FRE2,2018,1931131,
ESTAT:DEMO_R_D2JAN(1.0),13/04/23 23:00:00,A,NR,T,TOTAL,FRF,2018,5550389,
ESTAT:DEMO_R_D2JAN(1.0),13/04/23 23:00:00,A,NR,T,TOTAL,FRF1,2018,1898533,
ESTAT:DEMO_R_D2JAN(1.0),13/04/23 23:00:00,A,NR,T,TOTAL,FRF2,2018,1323396,
ESTAT:DEMO_R_D2JAN(1.0),13/04/23 23:00:00,A,NR,T,TOTAL,FRF3,2018,2328460,
ESTAT:DEMO_R_D2JAN(1.0),13/04/23 23:00:00,A,NR,T,TOTAL,FRG,2018,3781423,
ESTAT:DEMO_R_D2JAN(1.0),13/04/23 23:00:00,A,NR,T,TOTAL,FRG0,2018,3781423,
ESTAT:DEMO_R_D2JAN(1.0),13/04/23 23:00:00,A,NR,T,TOTAL,FRH,2018,3335414,
ESTAT:DEMO_R_D2JAN(1.0),13/04/23 23:00:00,A,NR,T,TOTAL,FRH0,2018,3335414,
ESTAT:DEMO_R_D2JAN(1.0),13/04/23 23:00:00,A,NR,T,TOTAL,FRI,2018,5979778,
ESTAT:DEMO_R_D2JAN(1.0),13/04/23 23:00:00,A,NR,T,TOTAL,FRI1,2018,3437398,
ESTAT:DEMO_R_D2JAN(1.0),13/04/23 23:00:00,A,NR,T,TOTAL,FRI2,2018,731285,
ESTAT:DEMO_R_D2JAN(1.0),13/04/23 23:00:00,A,NR,T,TOTAL,FRI3,2018,1811095,
ESTAT:DEMO_R_D2JAN(1.0),13/04/23 23:00:00,A,NR,T,TOTAL,FRJ,2018,5885496,
ESTAT:DEMO_R_D2JAN(1.0),13/04/23 23:00:00,A,NR,T,TOTAL,FRJ1,2018,2830361,
ESTAT:DEMO_R_D2JAN(1.0),13/04/23 23:00:00,A,NR,T,TOTAL,FRJ2,2018,3055135,
ESTAT:DEMO_R_D2JAN(1.0),13/04/23 23:00:00,A,NR,T,TOTAL,FRK,2018,7994459,
ESTAT:DEMO_R_D2JAN(1.0),13/04/23 23:00:00,A,NR,T,TOTAL,FRK1,2018,1368536,
ESTAT:DEMO_R_D2JAN(1.0),13/04/23 23:00:00,A,NR,T,TOTAL,FRK2,2018,6625923,
ESTAT:DEMO_R_D2JAN(1.0),13/04/23 23:00:00,A,NR,T,TOTAL,FRL,2018,5052832,
ESTAT:DEMO_R_D2JAN(1.0),13/04/23 23:00:00,A,NR,T,TOTAL,FRL0,2018,5052832,
ESTAT:DEMO_R_D2JAN(1.0),13/04/23 23:00:00,A,NR,T,TOTAL,FRM,2018,338554,
ESTAT:DEMO_R_D2JAN(1.0),13/04/23 23:00:00,A,NR,T,TOTAL,FRM0,2018,338554,
ESTAT:DEMO_R_D2JAN(1.0),13/04/23 23:00:00,A,NR,T,TOTAL,FRXX,2018,0,
ESTAT:DEMO_R_D2JAN(1.0),13/04/23 23:00:00,A,NR,T,TOTAL,FRY,2018,2182187,
ESTAT:DEMO_R_D2JAN(1.0),13/04/23 23:00:00,A,NR,T,TOTAL,FRY1,2018,421694,
ESTAT:DEMO_R_D2JAN(1.0),13/04/23 23:00:00,A,NR,T,TOTAL,FRY2,2018,368783,
ESTAT:DEMO_R_D2JAN(1.0),13/04/23 23:00:00,A,NR,T,TOTAL,FRY3,2018,276128,
ESTAT:DEMO_R_D2JAN(1.0),13/04/23 23:00:00,A,NR,T,TOTAL,FRY4,2018,855961,
ESTAT:DEMO_R_D2JAN(1.0),13/04/23 23:00:00,A,NR,T,TOTAL,FRY5,2018,259621,
ESTAT:DEMO_R_D2JAN(1.0),13/04/23 23:00:00,A,NR,T,TOTAL,HR,2018,4105493,
ESTAT:DEMO_R_D2JAN(1.0),13/04/23 23:00:00,A,NR,T,TOTAL,HR0,2018,4105493,
ESTAT:DEMO_R_D2JAN(1.0),13/04/23 23:00:00,A,NR,T,TOTAL,HR03,2018,1378339,
ESTAT:DEMO_R_D2JAN(1.0),13/04/23 23:00:00,A,NR,T,TOTAL,HR04,2018,2727154,
ESTAT:DEMO_R_D2JAN(1.0),13/04/23 23:00:00,A,NR,T,TOTAL,HU,2018,9778371,
ESTAT:DEMO_R_D2JAN(1.0),13/04/23 23:00:00,A,NR,T,TOTAL,HU1,2018,3011598,
ESTAT:DEMO_R_D2JAN(1.0),13/04/23 23:00:00,A,NR,T,TOTAL,HU11,2018,1749734,
ESTAT:DEMO_R_D2JAN(1.0),13/04/23 23:00:00,A,NR,T,TOTAL,HU12,2018,1261864,
ESTAT:DEMO_R_D2JAN(1.0),13/04/23 23:00:00,A,NR,T,TOTAL,HU2,2018,2927867,
ESTAT:DEMO_R_D2JAN(1.0),13/04/23 23:00:00,A,NR,T,TOTAL,HU21,2018,1055570,
ESTAT:DEMO_R_D2JAN(1.0),13/04/23 23:00:00,A,NR,T,TOTAL,HU22,2018,985457,
ESTAT:DEMO_R_D2JAN(1.0),13/04/23 23:00:00,A,NR,T,TOTAL,HU23,2018,886840,
ESTAT:DEMO_R_D2JAN(1.0),13/04/23 23:00:00,A,NR,T,TOTAL,HU3,2018,3838906,
ESTAT:DEMO_R_D2JAN(1.0),13/04/23 23:00:00,A,NR,T,TOTAL,HU31,2018,1134945,
ESTAT:DEMO_R_D2JAN(1.0),13/04/23 23:00:00,A,NR,T,TOTAL,HU32,2018,1460096,
ESTAT:DEMO_R_D2JAN(1.0),13/04/23 23:00:00,A,NR,T,TOTAL,HU33,2018,1243865,
ESTAT:DEMO_R_D2JAN(1.0),13/04/23 23:00:00,A,NR,T,TOTAL,HUX,2018,0,
ESTAT:DEMO_R_D2JAN(1.0),13/04/23 23:00:00,A,NR,T,TOTAL,HUXX,2018,0,
ESTAT:DEMO_R_D2JAN(1.0),13/04/23 23:00:00,A,NR,T,TOTAL,IE,2018,4830392,
ESTAT:DEMO_R_D2JAN(1.0),13/04/23 23:00:00,A,NR,T,TOTAL,IE0,2018,4830392,
ESTAT:DEMO_R_D2JAN(1.0),13/04/23 23:00:00,A,NR,T,TOTAL,IE04,2018,856252,
ESTAT:DEMO_R_D2JAN(1.0),13/04/23 23:00:00,A,NR,T,TOTAL,IE05,2018,1604865,
ESTAT:DEMO_R_D2JAN(1.0),13/04/23 23:00:00,A,NR,T,TOTAL,IE06,2018,2369275,
ESTAT:DEMO_R_D2JAN(1.0),13/04/23 23:00:00,A,NR,T,TOTAL,IS,2018,348450,
ESTAT:DEMO_R_D2JAN(1.0),13/04/23 23:00:00,A,NR,T,TOTAL,IS0,2018,348450,
ESTAT:DEMO_R_D2JAN(1.0),13/04/23 23:00:00,A,NR,T,TOTAL,IS00,2018,348450,
ESTAT:DEMO_R_D2JAN(1.0),13/04/23 23:00:00,A,NR,T,TOTAL,IT,2018,60483973,
ESTAT:DEMO_R_D2JAN(1.0),13/04/23 23:00:00,A,NR,T,TOTAL,ITC,2018,16095306,
ESTAT:DEMO_R_D2JAN(1.0),13/04/23 23:00:00,A,NR,T,TOTAL,ITC1,2018,4375865,
ESTAT:DEMO_R_D2JAN(1.0),13/04/23 23:00:00,A,NR,T,TOTAL,ITC2,2018,126202,
ESTAT:DEMO_R_D2JAN(1.0),13/04/23 23:00:00,A,NR,T,TOTAL,ITC3,2018,1556981,
ESTAT:DEMO_R_D2JAN(1.0),13/04/23 23:00:00,A,NR,T,TOTAL,ITC4,2018,10036258,
ESTAT:DEMO_R_D2JAN(1.0),13/04/23 23:00:00,A,NR,T,TOTAL,ITF,2018,14022596,
ESTAT:DEMO_R_D2JAN(1.0),13/04/23 23:00:00,A,NR,T,TOTAL,ITF1,2018,1315196,
ESTAT:DEMO_R_D2JAN(1.0),13/04/23 23:00:00,A,NR,T,TOTAL,ITF2,2018,308493,
ESTAT:DEMO_R_D2JAN(1.0),13/04/23 23:00:00,A,NR,T,TOTAL,ITF3,2018,5826860,
ESTAT:DEMO_R_D2JAN(1.0),13/04/23 23:00:00,A,NR,T,TOTAL,ITF4,2018,4048242,
ESTAT:DEMO_R_D2JAN(1.0),13/04/23 23:00:00,A,NR,T,TOTAL,ITF5,2018,567118,
ESTAT:DEMO_R_D2JAN(1.0),13/04/23 23:00:00,A,NR,T,TOTAL,ITF6,2018,1956687,
ESTAT:DEMO_R_D2JAN(1.0),13/04/23 23:00:00,A,NR,T,TOTAL,ITG,2018,6675165,
ESTAT:DEMO_R_D2JAN(1.0),13/04/23 23:00:00,A,NR,T,TOTAL,ITG1,2018,5026989,
ESTAT:DEMO_R_D2JAN(1.0),13/04/23 23:00:00,A,NR,T,TOTAL,ITG2,2018,1648176,
ESTAT:DEMO_R_D2JAN(1.0),13/04/23 23:00:00,A,NR,T,TOTAL,ITH,2018,11640852,
ESTAT:DEMO_R_D2JAN(1.0),13/04/23 23:00:00,A,NR,T,TOTAL,ITH1,2018,527750,
ESTAT:DEMO_R_D2JAN(1.0),13/04/23 23:00:00,A,NR,T,TOTAL,ITH2,2018,539898,
ESTAT:DEMO_R_D2JAN(1.0),13/04/23 23:00:00,A,NR,T,TOTAL,ITH3,2018,4905037,
ESTAT:DEMO_R_D2JAN(1.0),13/04/23 23:00:00,A,NR,T,TOTAL,ITH4,2018,1215538,
ESTAT:DEMO_R_D2JAN(1.0),13/04/23 23:00:00,A,NR,T,TOTAL,ITH5,2018,4452629,
ESTAT:DEMO_R_D2JAN(1.0),13/04/23 23:00:00,A,NR,T,TOTAL,ITI,2018,12050054,
ESTAT:DEMO_R_D2JAN(1.0),13/04/23 23:00:00,A,NR,T,TOTAL,ITI1,2018,3736968,
ESTAT:DEMO_R_D2JAN(1.0),13/04/23 23:00:00,A,NR,T,TOTAL,ITI2,2018,884640,
ESTAT:DEMO_R_D2JAN(1.0),13/04/23 23:00:00,A,NR,T,TOTAL,ITI3,2018,1531753,
ESTAT:DEMO_R_D2JAN(1.0),13/04/23 23:00:00,A,NR,T,TOTAL,ITI4,2018,5896693,
ESTAT:DEMO_R_D2JAN(1.0),13/04/23 23:00:00,A,NR,T,TOTAL,LI,2018,38114,
ESTAT:DEMO_R_D2JAN(1.0),13/04/23 23:00:00,A,NR,T,TOTAL,LI0,2018,38114,
ESTAT:DEMO_R_D2JAN(1.0),13/04/23 23:00:00,A,NR,T,TOTAL,LI00,2018,38114,
ESTAT:DEMO_R_D2JAN(1.0),13/04/23 23:00:00,A,NR,T,TOTAL,LT,2018,2808901,
ESTAT:DEMO_R_D2JAN(1.0),13/04/23 23:00:00,A,NR,T,TOTAL,LT0,2018,2808901,
ESTAT:DEMO_R_D2JAN(1.0),13/04/23 23:00:00,A,NR,T,TOTAL,LT01,2018,805367,
ESTAT:DEMO_R_D2JAN(1.0),13/04/23 23:00:00,A,NR,T,TOTAL,LT02,2018,2003534,
ESTAT:DEMO_R_D2JAN(1.0),13/04/23 23:00:00,A,NR,T,TOTAL,LU,2018,602005,
ESTAT:DEMO_R_D2JAN(1.0),13/04/23 23:00:00,A,NR,T,TOTAL,LU0,2018,602005,
ESTAT:DEMO_R_D2JAN(1.0),13/04/23 23:00:00,A,NR,T,TOTAL,LU00,2018,602005,
ESTAT:DEMO_R_D2JAN(1.0),13/04/23 23:00:00,A,NR,T,TOTAL,LV,2018,1934379,
ESTAT:DEMO_R_D2JAN(1.0),13/04/23 23:00:00,A,NR,T,TOTAL,LV0,2018,1934379,
ESTAT:DEMO_R_D2JAN(1.0),13/04/23 23:00:00,A,NR,T,TOTAL,LV00,2018,1934379,
ESTAT:DEMO_R_D2JAN(1.0),13/04/23 23:00:00,A,NR,T,TOTAL,ME,2018,622359,
ESTAT:DEMO_R_D2JAN(1.0),13/04/23 23:00:00,A,NR,T,TOTAL,ME0,2018,622359,
ESTAT:DEMO_R_D2JAN(1.0),13/04/23 23:00:00,A,NR,T,TOTAL,ME00,2018,622359,
ESTAT:DEMO_R_D2JAN(1.0),13/04/23 23:00:00,A,NR,T,TOTAL,MK,2018,2075301,
ESTAT:DEMO_R_D2JAN(1.0),13/04/23 23:00:00,A,NR,T,TOTAL,MK0,2018,2075108,
ESTAT:DEMO_R_D2JAN(1.0),13/04/23 23:00:00,A,NR,T,TOTAL,MK00,2018,2075108,
ESTAT:DEMO_R_D2JAN(1.0),13/04/23 23:00:00,A,NR,T,TOTAL,MKX,2018,193,
ESTAT:DEMO_R_D2JAN(1.0),13/04/23 23:00:00,A,NR,T,TOTAL,MKXX,2018,193,
ESTAT:DEMO_R_D2JAN(1.0),13/04/23 23:00:00,A,NR,T,TOTAL,MT,2018,475701,
ESTAT:DEMO_R_D2JAN(1.0),13/04/23 23:00:00,A,NR,T,TOTAL,MT0,2018,475701,
ESTAT:DEMO_R_D2JAN(1.0),13/04/23 23:00:00,A,NR,T,TOTAL,MT00,2018,475701,
ESTAT:DEMO_R_D2JAN(1.0),13/04/23 23:00:00,A,NR,T,TOTAL,NL,2018,17181084,
ESTAT:DEMO_R_D2JAN(1.0),13/04/23 23:00:00,A,NR,T,TOTAL,NL1,2018,1722312,
ESTAT:DEMO_R_D2JAN(1.0),13/04/23 23:00:00,A,NR,T,TOTAL,NL11,2018,582944,
ESTAT:DEMO_R_D2JAN(1.0),13/04/23 23:00:00,A,NR,T,TOTAL,NL12,2018,647268,
ESTAT:DEMO_R_D2JAN(1.0),13/04/23 23:00:00,A,NR,T,TOTAL,NL13,2018,492100,
ESTAT:DEMO_R_D2JAN(1.0),13/04/23 23:00:00,A,NR,T,TOTAL,NL2,2018,3623274,
ESTAT:DEMO_R_D2JAN(1.0),13/04/23 23:00:00,A,NR,T,TOTAL,NL21,2018,1151501,
ESTAT:DEMO_R_D2JAN(1.0),13/04/23 23:00:00,A,NR,T,TOTAL,NL22,2018,2060103,
ESTAT:DEMO_R_D2JAN(1.0),13/04/23 23:00:00,A,NR,T,TOTAL,NL23,2018,411670,
ESTAT:DEMO_R_D2JAN(1.0),13/04/23 23:00:00,A,NR,T,TOTAL,NL3,2018,8190014,
ESTAT:DEMO_R_D2JAN(1.0),13/04/23 23:00:00,A,NR,T,TOTAL,NL31,2018,1295484,
ESTAT:DEMO_R_D2JAN(1.0),13/04/23 23:00:00,A,NR,T,TOTAL,NL32,2018,2831182,
ESTAT:DEMO_R_D2JAN(1.0),13/04/23 23:00:00,A,NR,T,TOTAL,NL33,2018,3681044,
ESTAT:DEMO_R_D2JAN(1.0),13/04/23 23:00:00,A,NR,T,TOTAL,NL34,2018,382304,
ESTAT:DEMO_R_D2JAN(1.0),13/04/23 23:00:00,A,NR,T,TOTAL,NL4,2018,3645484,
ESTAT:DEMO_R_D2JAN(1.0),13/04/23 23:00:00,A,NR,T,TOTAL,NL41,2018,2528286,
ESTAT:DEMO_R_D2JAN(1.0),13/04/23 23:00:00,A,NR,T,TOTAL,NL42,2018,1117198,
ESTAT:DEMO_R_D2JAN(1.0),13/04/23 23:00:00,A,NR,T,TOTAL,NO,2018,5295619,
ESTAT:DEMO_R_D2JAN(1.0),13/04/23 23:00:00,A,NR,T,TOTAL,NO0,2018,5295619,
ESTAT:DEMO_R_D2JAN(1.0),13/04/23 23:00:00,A,NR,T,TOTAL,NO01,2018,1287495,
ESTAT:DEMO_R_D2JAN(1.0),13/04/23 23:00:00,A,NR,T,TOTAL,NO02,2018,386836,
ESTAT:DEMO_R_D2JAN(1.0),13/04/23 23:00:00,A,NR,T,TOTAL,NO03,2018,999639,
ESTAT:DEMO_R_D2JAN(1.0),13/04/23 23:00:00,A,NR,T,TOTAL,NO04,2018,777279,
ESTAT:DEMO_R_D2JAN(1.0),13/04/23 23:00:00,A,NR,T,TOTAL,NO05,2018,899627,
ESTAT:DEMO_R_D2JAN(1.0),13/04/23 23:00:00,A,NR,T,TOTAL,NO06,2018,458742,
ESTAT:DEMO_R_D2JAN(1.0),13/04/23 23:00:00,A,NR,T,TOTAL,NO07,2018,486001,
ESTAT:DEMO_R_D2JAN(1.0),13/04/23 23:00:00,A,NR,T,TOTAL,PL,2018,37976687,
ESTAT:DEMO_R_D2JAN(1.0),13/04/23 23:00:00,A,NR,T,TOTAL,PL2,2018,7850361,
ESTAT:DEMO_R_D2JAN(1.0),13/04/23 23:00:00,A,NR,T,TOTAL,PL21,2018,3349498,
ESTAT:DEMO_R_D2JAN(1.0),13/04/23 23:00:00,A,NR,T,TOTAL,PL22,2018,4500863,
ESTAT:DEMO_R_D2JAN(1.0),13/04/23 23:00:00,A,NR,T,TOTAL,PL4,2018,6148605,
ESTAT:DEMO_R_D2JAN(1.0),13/04/23 23:00:00,A,NR,T,TOTAL,PL41,2018,3465605,
ESTAT:DEMO_R_D2JAN(1.0),13/04/23 23:00:00,A,NR,T,TOTAL,PL42,2018,1678873,
ESTAT:DEMO_R_D2JAN(1.0),13/04/23 23:00:00,A,NR,T,TOTAL,PL43,2018,1004127,
ESTAT:DEMO_R_D2JAN(1.0),13/04/23 23:00:00,A,NR,T,TOTAL,PL5,2018,3814166,
ESTAT:DEMO_R_D2JAN(1.0),13/04/23 23:00:00,A,NR,T,TOTAL,PL51,2018,2865358,
ESTAT:DEMO_R_D2JAN(1.0),13/04/23 23:00:00,A,NR,T,TOTAL,PL52,2018,948808,
ESTAT:DEMO_R_D2JAN(1.0),13/04/23 23:00:00,A,NR,T,TOTAL,PL6,2018,5763089,
ESTAT:DEMO_R_D2JAN(1.0),13/04/23 23:00:00,A,NR,T,TOTAL,PL61,2018,2059748,
ESTAT:DEMO_R_D2JAN(1.0),13/04/23 23:00:00,A,NR,T,TOTAL,PL62,2018,1408415,
ESTAT:DEMO_R_D2JAN(1.0),13/04/23 23:00:00,A,NR,T,TOTAL,PL63,2018,2294926,
ESTAT:DEMO_R_D2JAN(1.0),13/04/23 23:00:00,A,NR,T,TOTAL,PL7,2018,3694464,
ESTAT:DEMO_R_D2JAN(1.0),13/04/23 23:00:00,A,NR,T,TOTAL,PL71,2018,2462448,
ESTAT:DEMO_R_D2JAN(1.0),13/04/23 23:00:00,A,NR,T,TOTAL,PL72,2018,1232016,
ESTAT:DEMO_R_D2JAN(1.0),13/04/23 23:00:00,A,NR,T,TOTAL,PL8,2018,5346175,
ESTAT:DEMO_R_D2JAN(1.0),13/04/23 23:00:00,A,NR,T,TOTAL,PL81,2018,2105442,
ESTAT:DEMO_R_D2JAN(1.0),13/04/23 23:00:00,A,NR,T,TOTAL,PL82,2018,2085877,
ESTAT:DEMO_R_D2JAN(1.0),13/04/23 23:00:00,A,NR,T,TOTAL,PL84,2018,1154856,
ESTAT:DEMO_R_D2JAN(1.0),13/04/23 23:00:00,A,NR,T,TOTAL,PL9,2018,5359827,
ESTAT:DEMO_R_D2JAN(1.0),13/04/23 23:00:00,A,NR,T,TOTAL,PL91,2018,3025034,
ESTAT:DEMO_R_D2JAN(1.0),13/04/23 23:00:00,A,NR,T,TOTAL,PL92,2018,2334793,
ESTAT:DEMO_R_D2JAN(1.0),13/04/23 23:00:00,A,NR,T,TOTAL,PT,2018,10291027,
ESTAT:DEMO_R_D2JAN(1.0),13/04/23 23:00:00,A,NR,T,TOTAL,PT1,2018,9792797,
ESTAT:DEMO_R_D2JAN(1.0),13/04/23 23:00:00,A,NR,T,TOTAL,PT11,2018,3576205,
ESTAT:DEMO_R_D2JAN(1.0),13/04/23 23:00:00,A,NR,T,TOTAL,PT15,2018,439617,
ESTAT:DEMO_R_D2JAN(1.0),13/04/23 23:00:00,A,NR,T,TOTAL,PT16,2018,2231346,
ESTAT:DEMO_R_D2JAN(1.0),13/04/23 23:00:00,A,NR,T,TOTAL,PT17,2018,2833679,
ESTAT:DEMO_R_D2JAN(1.0),13/04/23 23:00:00,A,NR,T,TOTAL,PT18,2018,711950,
ESTAT:DEMO_R_D2JAN(1.0),13/04/23 23:00:00,A,NR,T,TOTAL,PT2,2018,243862,
ESTAT:DEMO_R_D2JAN(1.0),13/04/23 23:00:00,A,NR,T,TOTAL,PT20,2018,243862,
ESTAT:DEMO_R_D2JAN(1.0),13/04/23 23:00:00,A,NR,T,TOTAL,PT3,2018,254368,
ESTAT:DEMO_R_D2JAN(1.0),13/04/23 23:00:00,A,NR,T,TOTAL,PT30,2018,254368,
ESTAT:DEMO_R_D2JAN(1.0),13/04/23 23:00:00,A,NR,T,TOTAL,RO,2018,19533481,
ESTAT:DEMO_R_D2JAN(1.0),13/04/23 23:00:00,A,NR,T,TOTAL,RO1,2018,4885875,
ESTAT:DEMO_R_D2JAN(1.0),13/04/23 23:00:00,A,NR,T,TOTAL,RO11,2018,2560504,
ESTAT:DEMO_R_D2JAN(1.0),13/04/23 23:00:00,A,NR,T,TOTAL,RO12,2018,2325371,
ESTAT:DEMO_R_D2JAN(1.0),13/04/23 23:00:00,A,NR,T,TOTAL,RO2,2018,5645791,
ESTAT:DEMO_R_D2JAN(1.0),13/04/23 23:00:00,A,NR,T,TOTAL,RO21,2018,3222732,
ESTAT:DEMO_R_D2JAN(1.0),13/04/23 23:00:00,A,NR,T,TOTAL,RO22,2018,2423059,
ESTAT:DEMO_R_D2JAN(1.0),13/04/23 23:00:00,A,NR,T,TOTAL,RO3,2018,5267706,
ESTAT:DEMO_R_D2JAN(1.0),13/04/23 23:00:00,A,NR,T,TOTAL,RO31,2018,2965415,
ESTAT:DEMO_R_D2JAN(1.0),13/04/23 23:00:00,A,NR,T,TOTAL,RO32,2018,2302291,
ESTAT:DEMO_R_D2JAN(1.0),13/04/23 23:00:00,A,NR,T,TOTAL,RO4,2018,3734109,
ESTAT:DEMO_R_D2JAN(1.0),13/04/23 23:00:00,A,NR,T,TOTAL,RO41,2018,1949813,
ESTAT:DEMO_R_D2JAN(1.0),13/04/23 23:00:00,A,NR,T,TOTAL,RO42,2018,1784296,
ESTAT:DEMO_R_D2JAN(1.0),13/04/23 23:00:00,A,NR,T,TOTAL,RS,2018,7001444,
ESTAT:DEMO_R_D2JAN(1.0),13/04/23 23:00:00,A,NR,T,TOTAL,RS1,2018,3555281,
ESTAT:DEMO_R_D2JAN(1.0),13/04/23 23:00:00,A,NR,T,TOTAL,RS11,2018,1688466,
ESTAT:DEMO_R_D2JAN(1.0),13/04/23 23:00:00,A,NR,T,TOTAL,RS12,2018,1866815,
ESTAT:DEMO_R_D2JAN(1.0),13/04/23 23:00:00,A,NR,T,TOTAL,RS2,2018,3446163,
ESTAT:DEMO_R_D2JAN(1.0),13/04/23 23:00:00,A,NR,T,TOTAL,RS21,2018,1932780,
ESTAT:DEMO_R_D2JAN(1.0),13/04/23 23:00:00,A,NR,T,TOTAL,RS22,2018,1513383,
ESTAT:DEMO_R_D2JAN(1.0),13/04/23 23:00:00,A,NR,T,TOTAL,SE,2018,10120242,
ESTAT:DEMO_R_D2JAN(1.0),13/04/23 23:00:00,A,NR,T,TOTAL,SE1,2018,3995953,
ESTAT:DEMO_R_D2JAN(1.0),13/04/23 23:00:00,A,NR,T,TOTAL,SE11,2018,2308143,
ESTAT:DEMO_R_D2JAN(1.0),13/04/23 23:00:00,A,NR,T,TOTAL,SE12,2018,1687810,
ESTAT:DEMO_R_D2JAN(1.0),13/04/23 23:00:00,A,NR,T,TOTAL,SE2,2018,4376554,
ESTAT:DEMO_R_D2JAN(1.0),13/04/23 23:00:00,A,NR,T,TOTAL,SE21,2018,856887,
ESTAT:DEMO_R_D2JAN(1.0),13/04/23 23:00:00,A,NR,T,TOTAL,SE22,2018,1504060,
ESTAT:DEMO_R_D2JAN(1.0),13/04/23 23:00:00,A,NR,T,TOTAL,SE23,2018,2015607,
ESTAT:DEMO_R_D2JAN(1.0),13/04/23 23:00:00,A,NR,T,TOTAL,SE3,2018,1747735,
ESTAT:DEMO_R_D2JAN(1.0),13/04/23 23:00:00,A,NR,T,TOTAL,SE31,2018,852201,
ESTAT:DEMO_R_D2JAN(1.0),13/04/23 23:00:00,A,NR,T,TOTAL,SE32,2018,375774,
ESTAT:DEMO_R_D2JAN(1.0),13/04/23 23:00:00,A,NR,T,TOTAL,SE33,2018,519760,
ESTAT:DEMO_R_D2JAN(1.0),13/04/23 23:00:00,A,NR,T,TOTAL,SI,2018,2066880,
ESTAT:DEMO_R_D2JAN(1.0),13/04/23 23:00:00,A,NR,T,TOTAL,SI0,2018,2066880,
ESTAT:DEMO_R_D2JAN(1.0),13/04/23 23:00:00,A,NR,T,TOTAL,SI03,2018,1089717,
ESTAT:DEMO_R_D2JAN(1.0),13/04/23 23:00:00,A,NR,T,TOTAL,SI04,2018,977163,
ESTAT:DEMO_R_D2JAN(1.0),13/04/23 23:00:00,A,NR,T,TOTAL,SK,2018,5443120,
ESTAT:DEMO_R_D2JAN(1.0),13/04/23 23:00:00,A,NR,T,TOTAL,SK0,2018,5443120,
ESTAT:DEMO_R_D2JAN(1.0),13/04/23 23:00:00,A,NR,T,TOTAL,SK01,2018,650838,
ESTAT:DEMO_R_D2JAN(1.0),13/04/23 23:00:00,A,NR,T,TOTAL,SK02,2018,1828428,
ESTAT:DEMO_R_D2JAN(1.0),13/04/23 23:00:00,A,NR,T,TOTAL,SK03,2018,1340811,
ESTAT:DEMO_R_D2JAN(1.0),13/04/23 23:00:00,A,NR,T,TOTAL,SK04,2018,1623043,
ESTAT:DEMO_R_D2JAN(1.0),13/04/23 23:00:00,A,NR,T,TOTAL,TR,2018,80810525,
ESTAT:DEMO_R_D2JAN(1.0),13/04/23 23:00:00,A,NR,T,TOTAL,TR1,2018,15029231,
ESTAT:DEMO_R_D2JAN(1.0),13/04/23 23:00:00,A,NR,T,TOTAL,TR10,2018,15029231,
ESTAT:DEMO_R_D2JAN(1.0),13/04/23 23:00:00,A,NR,T,TOTAL,TR2,2018,3503609,
ESTAT:DEMO_R_D2JAN(1.0),13/04/23 23:00:00,A,NR,T,TOTAL,TR21,2018,1768368,
ESTAT:DEMO_R_D2JAN(1.0),13/04/23 23:00:00,A,NR,T,TOTAL,TR22,2018,1735241,
ESTAT:DEMO_R_D2JAN(1.0),13/04/23 23:00:00,A,NR,T,TOTAL,TR3,2018,10383963,
ESTAT:DEMO_R_D2JAN(1.0),13/04/23 23:00:00,A,NR,T,TOTAL,TR31,2018,4279677,
ESTAT:DEMO_R_D2JAN(1.0),13/04/23 23:00:00,A,NR,T,TOTAL,TR32,2018,3038325,
ESTAT:DEMO_R_D2JAN(1.0),13/04/23 23:00:00,A,NR,T,TOTAL,TR33,2018,3065961,
ESTAT:DEMO_R_D2JAN(1.0),13/04/23 23:00:00,A,NR,T,TOTAL,TR4,2018,7824597,
ESTAT:DEMO_R_D2JAN(1.0),13/04/23 23:00:00,A,NR,T,TOTAL,TR41,2018,4019116,
ESTAT:DEMO_R_D2JAN(1.0),13/04/23 23:00:00,A,NR,T,TOTAL,TR42,2018,3805481,
ESTAT:DEMO_R_D2JAN(1.0),13/04/23 23:00:00,A,NR,T,TOTAL,TR5,2018,7871847,
ESTAT:DEMO_R_D2JAN(1.0),13/04/23 23:00:00,A,NR,T,TOTAL,TR51,2018,5445026,
ESTAT:DEMO_R_D2JAN(1.0),13/04/23 23:00:00,A,NR,T,TOTAL,TR52,2018,2426821,
ESTAT:DEMO_R_D2JAN(1.0),13/04/23 23:00:00,A,NR,T,TOTAL,TR6,2018,10303984,
ESTAT:DEMO_R_D2JAN(1.0),13/04/23 23:00:00,A,NR,T,TOTAL,TR61,2018,3063005,
ESTAT:DEMO_R_D2JAN(1.0),13/04/23 23:00:00,A,NR,T,TOTAL,TR62,2018,4010406,
ESTAT:DEMO_R_D2JAN(1.0),13/04/23 23:00:00,A,NR,T,TOTAL,TR63,2018,3230573,
ESTAT:DEMO_R_D2JAN(1.0),13/04/23 23:00:00,A,NR,T,TOTAL,TR7,2018,3977447,
ESTAT:DEMO_R_D2JAN(1.0),13/04/23 23:00:00,A,NR,T,TOTAL,TR71,2018,1560774,
ESTAT:DEMO_R_D2JAN(1.0),13/04/23 23:00:00,A,NR,T,TOTAL,TR72,2018,2416673,
ESTAT:DEMO_R_D2JAN(1.0),13/04/23 23:00:00,A,NR,T,TOTAL,TR8,2018,4574182,
ESTAT:DEMO_R_D2JAN(1.0),13/04/23 23:00:00,A,NR,T,TOTAL,TR81,2018,1034922,
ESTAT:DEMO_R_D2JAN(1.0),13/04/23 23:00:00,A,NR,T,TOTAL,TR82,2018,765874,
ESTAT:DEMO_R_D2JAN(1.0),13/04/23 23:00:00,A,NR,T,TOTAL,TR83,2018,2773386,
ESTAT:DEMO_R_D2JAN(1.0),13/04/23 23:00:00,A,NR,T,TOTAL,TR9,2018,2633417,
ESTAT:DEMO_R_D2JAN(1.0),13/04/23 23:00:00,A,NR,T,TOTAL,TR90,2018,2633417,
ESTAT:DEMO_R_D2JAN(1.0),13/04/23 23:00:00,A,NR,T,TOTAL,TRA,2018,2188214,
ESTAT:DEMO_R_D2JAN(1.0),13/04/23 23:00:00,A,NR,T,TOTAL,TRA1,2018,1072404,
ESTAT:DEMO_R_D2JAN(1.0),13/04/23 23:00:00,A,NR,T,TOTAL,TRA2,2018,1115810,
ESTAT:DEMO_R_D2JAN(1.0),13/04/23 23:00:00,A,NR,T,TOTAL,TRB,2018,3854869,
ESTAT:DEMO_R_D2JAN(1.0),13/04/23 23:00:00,A,NR,T,TOTAL,TRB1,2018,1726199,
ESTAT:DEMO_R_D2JAN(1.0),13/04/23 23:00:00,A,NR,T,TOTAL,TRB2,2018,2128670,
ESTAT:DEMO_R_D2JAN(1.0),13/04/23 23:00:00,A,NR,T,TOTAL,TRC,2018,8665165,
ESTAT:DEMO_R_D2JAN(1.0),13/04/23 23:00:00,A,NR,T,TOTAL,TRC1,2018,2756910,
ESTAT:DEMO_R_D2JAN(1.0),13/04/23 23:00:00,A,NR,T,TOTAL,TRC2,2018,3685654,
ESTAT:DEMO_R_D2JAN(1.0),13/04/23 23:00:00,A,NR,T,TOTAL,TRC3,2018,2222601,
ESTAT:DEMO_R_D2JAN(1.0),13/04/23 23:00:00,A,NR,T,TOTAL,UK,2018,66273576,
ESTAT:DEMO_R_D2JAN(1.0),13/04/23 23:00:00,A,NR,T,TOTAL,UKC,2018,2648215,
ESTAT:DEMO_R_D2JAN(1.0),13/04/23 23:00:00,A,NR,T,TOTAL,UKC1,2018,1197992,
ESTAT:DEMO_R_D2JAN(1.0),13/04/23 23:00:00,A,NR,T,TOTAL,UKC2,2018,1450223,
ESTAT:DEMO_R_D2JAN(1.0),13/04/23 23:00:00,A,NR,T,TOTAL,UKD,2018,7272136,
ESTAT:DEMO_R_D2JAN(1.0),13/04/23 23:00:00,A,NR,T,TOTAL,UKD1,2018,498216,
ESTAT:DEMO_R_D2JAN(1.0),13/04/23 23:00:00,A,NR,T,TOTAL,UKD3,2018,2808080,
ESTAT:DEMO_R_D2JAN(1.0),13/04/23 23:00:00,A,NR,T,TOTAL,UKD4,2018,1490434,
ESTAT:DEMO_R_D2JAN(1.0),13/04/23 23:00:00,A,NR,T,TOTAL,UKD6,2018,927799,
ESTAT:DEMO_R_D2JAN(1.0),13/04/23 23:00:00,A,NR,T,TOTAL,UKD7,2018,1547607,
ESTAT:DEMO_R_D2JAN(1.0),13/04/23 23:00:00,A,NR,T,TOTAL,UKE,2018,5462595,
ESTAT:DEMO_R_D2JAN(1.0),13/04/23 23:00:00,A,NR,T,TOTAL,UKE1,2018,931065,
ESTAT:DEMO_R_D2JAN(1.0),13/04/23 23:00:00,A,NR,T,TOTAL,UKE2,2018,820874,
ESTAT:DEMO_R_D2JAN(1.0),13/04/23 23:00:00,A,NR,T,TOTAL,UKE3,2018,1397266,
ESTAT:DEMO_R_D2JAN(1.0),13/04/23 23:00:00,A,NR,T,TOTAL,UKE4,2018,2313390,
ESTAT:DEMO_R_D2JAN(1.0),13/04/23 23:00:00,A,NR,T,TOTAL,UKF,2018,4781284,
ESTAT:DEMO_R_D2JAN(1.0),13/04/23 23:00:00,A,NR,T,TOTAL,UKF1,2018,2199851,
ESTAT:DEMO_R_D2JAN(1.0),13/04/23 23:00:00,A,NR,T,TOTAL,UKF2,2018,1828762,
ESTAT:DEMO_R_D2JAN(1.0),13/04/23 23:00:00,A,NR,T,TOTAL,UKF3,2018,752671,
ESTAT:DEMO_R_D2JAN(1.0),13/04/23 23:00:00,A,NR,T,TOTAL,UKG,2018,5873091,
ESTAT:DEMO_R_D2JAN(1.0),13/04/23 23:00:00,A,NR,T,TOTAL,UKG1,2018,1344393,
ESTAT:DEMO_R_D2JAN(1.0),13/04/23 23:00:00,A,NR,T,TOTAL,UKG2,2018,1619877,
ESTAT:DEMO_R_D2JAN(1.0),13/04/23 23:00:00,A,NR,T,TOTAL,UKG3,2018,2908821,
ESTAT:DEMO_R_D2JAN(1.0),13/04/23 23:00:00,A,NR,T,TOTAL,UKH,2018,6197813,
ESTAT:DEMO_R_D2JAN(1.0),13/04/23 23:00:00,A,NR,T,TOTAL,UKH1,2018,2509078,
ESTAT:DEMO_R_D2JAN(1.0),13/04/23 23:00:00,A,NR,T,TOTAL,UKH2,2018,1859787,
ESTAT:DEMO_R_D2JAN(1.0),13/04/23 23:00:00,A,NR,T,TOTAL,UKH3,2018,1828948,
ESTAT:DEMO_R_D2JAN(1.0),13/04/23 23:00:00,A,NR,T,TOTAL,UKI,2018,8899823,
ESTAT:DEMO_R_D2JAN(1.0),13/04/23 23:00:00,A,NR,T,TOTAL,UKI3,2018,1173602,
ESTAT:DEMO_R_D2JAN(1.0),13/04/23 23:00:00,A,NR,T,TOTAL,UKI4,2018,2402934,
ESTAT:DEMO_R_D2JAN(1.0),13/04/23 23:00:00,A,NR,T,TOTAL,UKI5,2018,1924106,
ESTAT:DEMO_R_D2JAN(1.0),13/04/23 23:00:00,A,NR,T,TOTAL,UKI6,2018,1308866,
ESTAT:DEMO_R_D2JAN(1.0),13/04/23 23:00:00,A,NR,T,TOTAL,UKI7,2018,2090315,
ESTAT:DEMO_R_D2JAN(1.0),13/04/23 23:00:00,A,NR,T,TOTAL,UKJ,2018,9120911,
ESTAT:DEMO_R_D2JAN(1.0),13/04/23 23:00:00,A,NR,T,TOTAL,UKJ1,2018,2402507,
ESTAT:DEMO_R_D2JAN(1.0),13/04/23 23:00:00,A,NR,T,TOTAL,UKJ2,2018,2892767,
ESTAT:DEMO_R_D2JAN(1.0),13/04/23 23:00:00,A,NR,T,TOTAL,UKJ3,2018,1985074,
ESTAT:DEMO_R_D2JAN(1.0),13/04/23 23:00:00,A,NR,T,TOTAL,UKJ4,2018,1840563,
ESTAT:DEMO_R_D2JAN(1.0),13/04/23 23:00:00,A,NR,T,TOTAL,UKK,2018,5578303,
ESTAT:DEMO_R_D2JAN(1.0),13/04/23 23:00:00,A,NR,T,TOTAL,UKK1,2018,2496022,
ESTAT:DEMO_R_D2JAN(1.0),13/04/23 23:00:00,A,NR,T,TOTAL,UKK2,2018,1329868,
ESTAT:DEMO_R_D2JAN(1.0),13/04/23 23:00:00,A,NR,T,TOTAL,UKK3,2018,564588,
ESTAT:DEMO_R_D2JAN(1.0),13/04/23 23:00:00,A,NR,T,TOTAL,UKK4,2018,1187825,
ESTAT:DEMO_R_D2JAN(1.0),13/04/23 23:00:00,A,NR,T,TOTAL,UKL,2018,3126522,
ESTAT:DEMO_R_D2JAN(1.0),13/04/23 23:00:00,A,NR,T,TOTAL,UKL1,2018,1963646,
ESTAT:DEMO_R_D2JAN(1.0),13/04/23 23:00:00,A,NR,T,TOTAL,UKL2,2018,1162876,
ESTAT:DEMO_R_D2JAN(1.0),13/04/23 23:00:00,A,NR,T,TOTAL,UKM,2018,5436926,
ESTAT:DEMO_R_D2JAN(1.0),13/04/23 23:00:00,A,NR,T,TOTAL,UKM5,2018,494624,
ESTAT:DEMO_R_D2JAN(1.0),13/04/23 23:00:00,A,NR,T,TOTAL,UKM6,2018,470743,
ESTAT:DEMO_R_D2JAN(1.0),13/04/23 23:00:00,A,NR,T,TOTAL,UKM7,2018,1988307,
ESTAT:DEMO_R_D2JAN(1.0),13/04/23 23:00:00,A,NR,T,TOTAL,UKM8,2018,1536415,
ESTAT:DEMO_R_D2JAN(1.0),13/04/23 23:00:00,A,NR,T,TOTAL,UKM9,2018,946837,
ESTAT:DEMO_R_D2JAN(1.0),13/04/23 23:00:00,A,NR,T,TOTAL,UKN,2018,1875957,
ESTAT:DEMO_R_D2JAN(1.0),13/04/23 23:00:00,A,NR,T,TOTAL,UKN0,2018,1875957,
